
#parent

INSERT INTO "SCOTT"."PARENT" (PARENTID, CNIC, NAME, EDATE, EMAIL, ADDRESS, PHONENO) 
VALUES ('1', '5362452563778', 'Ali Imran', TO_DATE('04-jun-20', 'DD-MON-RR'), 'ali@gmail.com', '22b malir kahuta', '3018798811');

INSERT INTO "SCOTT"."PARENT" (PARENTID, CNIC, NAME, EDATE, EMAIL, ADDRESS, PHONENO) 
VALUES ('2', '3569874521336', 'Imran Ali', TO_DATE('04-jun-20', 'DD-MON-RR'), 'imran@gmail.com', '1c new town pindi', '3012569965');

INSERT INTO "SCOTT"."PARENT" (PARENTID, CNIC, NAME, EDATE, EMAIL, ADDRESS, PHONENO) 
VALUES ('3', '7896547858775', 'Huzaifa Malik', TO_DATE('04-jun-20', 'DD-MON-RR'), 'malik@gmail.com', '88k karachi villa karachi', '3269634789');

INSERT INTO "SCOTT"."PARENT" (PARENTID, CNIC, NAME, EDATE, EMAIL, ADDRESS, PHONENO) 
VALUES ('4', '3269856478996', 'Bilal Khan', TO_DATE('04-jun-20', 'DD-MON-RR'), 'bilal@gmail.com', '9p ordanance road islamabad', '3657896652');

INSERT INTO "SCOTT"."PARENT" (PARENTID, CNIC, NAME, EDATE, EMAIL, ADDRESS, PHONENO) 
VALUES ('5', '4587896321654', 'Muhammad Abdullah', TO_DATE('04-jun-20', 'DD-MON-RR'), 'muhammad@gmail.com', '87k new bullavad road kharian', '3236986575');

INSERT INTO "SCOTT"."PARENT" (PARENTID, CNIC, NAME, EDATE, EMAIL, ADDRESS, PHONENO) 
VALUES ('6', '5254789632115', 'Husnain Ahmad', TO_DATE('04-jun-20', 'DD-MON-RR'), 'husnain@gmail.com', '32k Burjkhalifa Dubai', '3065963214');

INSERT INTO "SCOTT"."PARENT" (PARENTID, CNIC, NAME, EDATE, EMAIL, ADDRESS, PHONENO) 
VALUES ('7', '5362452563778', 'Usama Faisal', TO_DATE('04-jun-20', 'DD-MON-RR'), 'usama@gmail.com', '10k sector p Islamabqad', '3018796397');

#parenthistory
INSERT INTO "SCOTT"."PARENTHISTORY" (PARENTHISTORYID, PARENTID, EDATE, CNIC, ADDRESS, NAME, EMAIL) 
VALUES ('1', '1', TO_DATE('03-jun-20', 'DD-MON-RR'), '59874532115', '22b malir kahuta', 'Ali Imran', 'ali@gmail.com');

INSERT INTO "SCOTT"."PARENTHISTORY" (PARENTHISTORYID, PARENTID, EDATE, CNIC, ADDRESS, NAME, EMAIL) 
VALUES ('2', '1', TO_DATE('02-jun-20', 'DD-MON-RR'), '59874532115', '22b malir kahuta', 'Ali Imran', 'ali123@gmail.com');

INSERT INTO "SCOTT"."PARENTHISTORY" (PARENTHISTORYID, PARENTID, EDATE, CNIC, ADDRESS, NAME, EMAIL) 
VALUES ('3', '1', TO_DATE('01-jun-20', 'DD-MON-RR'), '59874532115', '11k new coloney Kahuta', 'Ali Imran', 'ali123@gmail.com');


INSERT INTO "SCOTT"."PARENTHISTORY" (PARENTHISTORYID, PARENTID, EDATE, CNIC, ADDRESS, NAME, EMAIL) 
VALUES ('4', '2', TO_DATE('03-jun-20', 'DD-MON-RR'), '2563689456332', '1c new town pindi', 'Imran Ali', 'imran@gmail.com');


#guardianhistory
INSERT INTO "SCOTT"."GUARDIAN" (GUARDIANID, NAME, RELATION, PHONENO, CNIC, GENDER, EDATE) 
VALUES ('1', 'Kashif Bhatti', 'Uncle', '3014563324', '3256314523669', 'male', TO_DATE('04-jun-20', 'DD-MON-RR'));

INSERT INTO "SCOTT"."GUARDIAN" (GUARDIANID, NAME, RELATION, PHONENO, CNIC, GENDER, EDATE) 
VALUES ('2', 'Amjad kamran', 'Uncle', '3236589632', '3245614523669', 'male', TO_DATE('04-jun-20', 'DD-MON-RR'));

INSERT INTO "SCOTT"."GUARDIAN" (GUARDIANID, NAME, RELATION, PHONENO, CNIC, GENDER, EDATE) 
VALUES ('3', 'Talal Khan', 'Brother', '3245698875', '3256896523669', 'male', TO_DATE('04-jun-20', 'DD-MON-RR'));

INSERT INTO "SCOTT"."GUARDIAN" (GUARDIANID, NAME, RELATION, PHONENO, CNIC, GENDER, EDATE) 
VALUES ('4', 'Benazir Shah', 'Aunt', '3265636987', '3257896523669', 'female', TO_DATE('05-jun-20', 'DD-MON-RR'));



#student
INSERT INTO "SCOTT"."STUDENT" (NAME, GENDER, DOB, EDATE, STUDENTID) 
VALUES ('Abdul Baasid', 'male', TO_DATE('02-jun-16', 'DD-MON-RR'), TO_DATE('03-jun-19', 'DD-MON-RR'), '1');



INSERT INTO "SCOTT"."STUDENT" (NAME, GENDER, DOB, EDATE, STUDENTID) 
VALUES ('Thaaqib', 'male', TO_DATE('02-jun-16', 'DD-MON-RR'), TO_DATE('03-jun-19', 'DD-MON-RR'), '2');


INSERT INTO "SCOTT"."STUDENT" (NAME, GENDER, DOB, EDATE, STUDENTID) 
VALUES ('Mutasim', 'male', TO_DATE('02-nov-11', 'DD-MON-RR'), TO_DATE('03-jun-19', 'DD-MON-RR'), '3');


INSERT INTO "SCOTT"."STUDENT" (NAME, GENDER, DOB, EDATE, STUDENTID) 
VALUES ('Shujaa', 'male', TO_DATE('02-jun-16', 'DD-MON-RR'), TO_DATE('03-jun-19', 'DD-MON-RR'), '4');


INSERT INTO "SCOTT"."STUDENT" (NAME, GENDER, DOB, EDATE, STUDENTID) 
VALUES ('Abyad', 'male', TO_DATE('27-may-10', 'DD-MON-RR'), TO_DATE('03-jun-19', 'DD-MON-RR'), '5');


INSERT INTO "SCOTT"."STUDENT" (NAME, GENDER, DOB, EDATE, STUDENTID) 
VALUES ('Nadheer', 'male', TO_DATE('01-jan-06', 'DD-MON-RR'), TO_DATE('03-jun-19', 'DD-MON-RR'), '6');


INSERT INTO "SCOTT"."STUDENT" (NAME, GENDER, DOB, EDATE, STUDENTID) 
VALUES ('Raafi', 'male', TO_DATE('23-apr-09', 'DD-MON-RR'), TO_DATE('03-jun-19', 'DD-MON-RR'), '7');


INSERT INTO "SCOTT"."STUDENT" (NAME, GENDER, DOB, EDATE, STUDENTID) 
VALUES ('Saabiq', 'male', TO_DATE('22-mar-07', 'DD-MON-RR'), TO_DATE('03-jun-19', 'DD-MON-RR'), '8');


INSERT INTO "SCOTT"."STUDENT" (NAME, GENDER, DOB, EDATE, STUDENTID) 
VALUES ('Abdut Tawwab', 'male', TO_DATE('06-jun-09', 'DD-MON-RR'), TO_DATE('03-jun-19', 'DD-MON-RR'), '9');


INSERT INTO "SCOTT"."STUDENT" (NAME, GENDER, DOB, EDATE, STUDENTID) 
VALUES ('Fateen', 'male', TO_DATE('02-jun-10', 'DD-MON-RR'), TO_DATE('03-jun-19', 'DD-MON-RR'), '10');


INSERT INTO "SCOTT"."STUDENT" (NAME, GENDER, DOB, EDATE, STUDENTID) 
VALUES ('Jaadallah', 'male', TO_DATE('10-feb-07', 'DD-MON-RR'), TO_DATE('03-jun-19', 'DD-MON-RR'), '11');


INSERT INTO "SCOTT"."STUDENT" (NAME, GENDER, DOB, EDATE, STUDENTID) 
VALUES ('Muslih', 'male', TO_DATE('07-feb-07', 'DD-MON-RR'), TO_DATE('03-jun-19', 'DD-MON-RR'), '12');


INSERT INTO "SCOTT"."STUDENT" (NAME, GENDER, DOB, EDATE, STUDENTID) 
VALUES ('Abdul Baasid', 'male', TO_DATE('02-jun-08', 'DD-MON-RR'), TO_DATE('03-jun-19', 'DD-MON-RR'), '13');


INSERT INTO "SCOTT"."STUDENT" (NAME, GENDER, DOB, EDATE, STUDENTID) 
VALUES ('Abdul Kader', 'male', TO_DATE('02-feb-12', 'DD-MON-RR'), TO_DATE('03-jun-19', 'DD-MON-RR'), '14');


INSERT INTO "SCOTT"."STUDENT" (NAME, GENDER, DOB, EDATE, STUDENTID) 
VALUES ('Iffat', 'female', TO_DATE('02-jan-09', 'DD-MON-RR'), TO_DATE('03-jun-19', 'DD-MON-RR'), '15');


INSERT INTO "SCOTT"."STUDENT" (NAME, GENDER, DOB, EDATE, STUDENTID) 
VALUES ('Najwa', 'female', TO_DATE('12-jun-10', 'DD-MON-RR'), TO_DATE('03-jun-19', 'DD-MON-RR'), '16');


INSERT INTO "SCOTT"."STUDENT" (NAME, GENDER, DOB, EDATE, STUDENTID) 
VALUES ('Shakeela ', 'female', TO_DATE('02-oct-12', 'DD-MON-RR'), TO_DATE('03-jun-19', 'DD-MON-RR'), '17');


INSERT INTO "SCOTT"."STUDENT" (NAME, GENDER, DOB, EDATE, STUDENTID) 
VALUES ('Almaasa', 'female', TO_DATE('02-nov-16', 'DD-MON-RR'), TO_DATE('03-jun-19', 'DD-MON-RR'), '18');


INSERT INTO "SCOTT"."STUDENT" (NAME, GENDER, DOB, EDATE, STUDENTID) 
VALUES ('Jasra', 'female', TO_DATE('09-dec-15', 'DD-MON-RR'), TO_DATE('03-jun-19', 'DD-MON-RR'), '19');


INSERT INTO "SCOTT"."STUDENT" (NAME, GENDER, DOB, EDATE, STUDENTID) 
VALUES ('Jasra', 'female', TO_DATE('02-jan-10', 'DD-MON-RR'), TO_DATE('03-jun-19', 'DD-MON-RR'), '20');




#fee
INSERT INTO "SCOTT"."FEE" (VOUCHERNO, FEE, DISCOUNT, EDATE , FULLYPAID) 
VALUES ('1', '200', '0', TO_DATE('04-jun-19', 'DD-MON-RR'),'1');


INSERT INTO "SCOTT"."FEE" (VOUCHERNO, FEE, DISCOUNT, EDATE) 
VALUES ('2', '200', '0', TO_DATE('04-jun-19', 'DD-MON-RR'));


INSERT INTO "SCOTT"."FEE" (VOUCHERNO, FEE, DISCOUNT, EDATE) 
VALUES ('3', '200', '0', TO_DATE('04-jun-19', 'DD-MON-RR'));


INSERT INTO "SCOTT"."FEE" (VOUCHERNO, FEE, DISCOUNT, EDATE) 
VALUES ('4', '200', '0', TO_DATE('04-jun-19', 'DD-MON-RR'));


INSERT INTO "SCOTT"."FEE" (VOUCHERNO, FEE, DISCOUNT, EDATE) 
VALUES ('5', '200', '0', TO_DATE('04-jun-19', 'DD-MON-RR'));


INSERT INTO "SCOTT"."FEE" (VOUCHERNO, FEE, DISCOUNT, EDATE) 
VALUES ('6', '200', '0', TO_DATE('04-jun-19', 'DD-MON-RR'));


INSERT INTO "SCOTT"."FEE" (VOUCHERNO, FEE, DISCOUNT, EDATE) 
VALUES ('7', '200', '0', TO_DATE('04-jun-19', 'DD-MON-RR'));


INSERT INTO "SCOTT"."FEE" (VOUCHERNO, FEE, DISCOUNT, EDATE) 
VALUES ('8', '200', '0', TO_DATE('04-jun-19', 'DD-MON-RR'));


INSERT INTO "SCOTT"."FEE" (VOUCHERNO, FEE, DISCOUNT, EDATE) 
VALUES ('9', '200', '0', TO_DATE('04-jun-19', 'DD-MON-RR'));


INSERT INTO "SCOTT"."FEE" (VOUCHERNO, FEE, DISCOUNT, EDATE) 
VALUES ('10', '200', '0', TO_DATE('04-jun-19', 'DD-MON-RR'));


INSERT INTO "SCOTT"."FEE" (VOUCHERNO, FEE, DISCOUNT, EDATE) 
VALUES ('11', '200', '0', TO_DATE('04-jun-19', 'DD-MON-RR'));


INSERT INTO "SCOTT"."FEE" (VOUCHERNO, FEE, DISCOUNT, EDATE) 
VALUES ('12', '200', '0', TO_DATE('04-jun-19', 'DD-MON-RR'));


INSERT INTO "SCOTT"."FEE" (VOUCHERNO, FEE, DISCOUNT, EDATE) 
VALUES ('13', '200', '0', TO_DATE('04-jun-19', 'DD-MON-RR'));


INSERT INTO "SCOTT"."FEE" (VOUCHERNO, FEE, DISCOUNT, EDATE) 
VALUES ('14', '200', '0', TO_DATE('04-jun-19', 'DD-MON-RR'));


INSERT INTO "SCOTT"."FEE" (VOUCHERNO, FEE, DISCOUNT, EDATE) 
VALUES ('15', '200', '0', TO_DATE('04-jun-19', 'DD-MON-RR'));


INSERT INTO "SCOTT"."FEE" (VOUCHERNO, FEE, DISCOUNT, EDATE , FULLYPAID,DISCOUNTREASON) 
VALUES ('16', '200', '100', TO_DATE('04-jun-19', 'DD-MON-RR'),'1','legitimate reasons');


INSERT INTO "SCOTT"."FEE" (VOUCHERNO, FEE, DISCOUNT, EDATE , FULLYPAID,DISCOUNTREASON) 
VALUES ('17', '200', '0', TO_DATE('04-jun-19', 'DD-MON-RR'),'1','legitimate reasons');

INSERT INTO "SCOTT"."FEE" (VOUCHERNO, FEE, DISCOUNT, EDATE , FULLYPAID,DISCOUNTREASON) 
VALUES ('18', '200', '200', TO_DATE('04-jun-19', 'DD-MON-RR'),'1','STAFF');

INSERT INTO "SCOTT"."FEE" (VOUCHERNO, FEE, DISCOUNT, EDATE , FULLYPAID,DISCOUNTREASON) 
VALUES ('19', '200', '200', TO_DATE('04-jun-19', 'DD-MON-RR'),'1','STAFF');

INSERT INTO "SCOTT"."FEE" (VOUCHERNO, FEE, DISCOUNT, EDATE , FULLYPAID,DISCOUNTREASON) 
VALUES ('20', '200', '200', TO_DATE('04-jun-19', 'DD-MON-RR'),'1','STAFF');



#course(assuming single course)
INSERT INTO "SCOTT"."COURSE" (NAME, EDATE, COURSEID) VALUES ('MATHS', TO_DATE('01-JUN-20', 'DD-MON-RR'), '1');

#CLASSSECTION
INSERT INTO "SCOTT"."CLASSSECTION" (CLASSSECTIONID, CLASS, SECTION, CUSTOMTITLE, COURSEID, UPPERAGELIMIT, GENDER, LOWERAGELIMIT) 
VALUES ('1', '1', 'A', 'KIDS1', '1', '4', 'BOTH', '1');


INSERT INTO "SCOTT"."CLASSSECTION" (CLASSSECTIONID, CLASS, SECTION, CUSTOMTITLE, COURSEID, UPPERAGELIMIT, GENDER, LOWERAGELIMIT) 
VALUES ('2', '2', 'A', 'KIDS2', '1', '8', 'BOTH', '4');


INSERT INTO "SCOTT"."CLASSSECTION" (CLASSSECTIONID, CLASS, SECTION, CUSTOMTITLE, COURSEID, UPPERAGELIMIT, GENDER, LOWERAGELIMIT) 
VALUES ('3', '3', 'A', 'KIDS3', '1', '12', 'BOTH', '8');


INSERT INTO "SCOTT"."CLASSSECTION" (CLASSSECTIONID, CLASS, SECTION, CUSTOMTITLE, COURSEID, UPPERAGELIMIT, GENDER, LOWERAGELIMIT) 
VALUES ('4', '4', 'A', 'ADULTS4A', '1', '15', 'BOTH', '12');


INSERT INTO "SCOTT"."CLASSSECTION" (CLASSSECTIONID, CLASS, SECTION, CUSTOMTITLE, COURSEID, UPPERAGELIMIT, GENDER, LOWERAGELIMIT) 
VALUES ('5', '4', 'B', 'ADULTS4B', '1', '15', 'MALE', '12');


INSERT INTO "SCOTT"."CLASSSECTION" (CLASSSECTIONID, CLASS, SECTION, CUSTOMTITLE, COURSEID, UPPERAGELIMIT, GENDER, LOWERAGELIMIT) 
VALUES ('6', '4', 'C', 'ADULTS4C', '1', '15', 'FEMALE', '12');


#registration

INSERT INTO "SCOTT"."REGISTRATION" (REGISTRATIONID, STUDENTID, VOUCHERNO, EDATE, CLASSSECTIONID) 
VALUES ('1', '1', '1', TO_DATE('04-jun-20', 'DD-MON-RR'), '2');

INSERT INTO "SCOTT"."REGISTRATION" (REGISTRATIONID, STUDENTID, VOUCHERNO, EDATE, CLASSSECTIONID) 
VALUES ('2', '2', '2', TO_DATE('04-jun-20', 'DD-MON-RR'), '2');


INSERT INTO "SCOTT"."REGISTRATION" (REGISTRATIONID, STUDENTID, VOUCHERNO, EDATE, CLASSSECTIONID) 
VALUES ('3', '3', '3', TO_DATE('04-jun-20', 'DD-MON-RR'), '3');

INSERT INTO "SCOTT"."REGISTRATION" (REGISTRATIONID, STUDENTID, VOUCHERNO, EDATE, CLASSSECTIONID) 
VALUES ('4', '4', '4', TO_DATE('04-jun-20', 'DD-MON-RR'), '2');

INSERT INTO "SCOTT"."REGISTRATION" (REGISTRATIONID, STUDENTID, VOUCHERNO, EDATE, CLASSSECTIONID) 
VALUES ('5', '5', '5', TO_DATE('04-jun-20', 'DD-MON-RR'), '3');

INSERT INTO "SCOTT"."REGISTRATION" (REGISTRATIONID, STUDENTID, VOUCHERNO, EDATE, CLASSSECTIONID) 
VALUES ('6', '6', '6', TO_DATE('04-jun-20', 'DD-MON-RR'), '4');

INSERT INTO "SCOTT"."REGISTRATION" (REGISTRATIONID, STUDENTID, VOUCHERNO, EDATE, CLASSSECTIONID) 
VALUES ('7', '7', '7', TO_DATE('04-jun-20', 'DD-MON-RR'), '3');

INSERT INTO "SCOTT"."REGISTRATION" (REGISTRATIONID, STUDENTID, VOUCHERNO, EDATE, CLASSSECTIONID) 
VALUES ('8', '8', '8', TO_DATE('04-jun-20', 'DD-MON-RR'), '4');

INSERT INTO "SCOTT"."REGISTRATION" (REGISTRATIONID, STUDENTID, VOUCHERNO, EDATE, CLASSSECTIONID) 
VALUES ('9', '9', '9', TO_DATE('04-jun-20', 'DD-MON-RR'), '3');

INSERT INTO "SCOTT"."REGISTRATION" (REGISTRATIONID, STUDENTID, VOUCHERNO, EDATE, CLASSSECTIONID) 
VALUES ('10', '10', '10', TO_DATE('04-jun-20', 'DD-MON-RR'), '5');

INSERT INTO "SCOTT"."REGISTRATION" (REGISTRATIONID, STUDENTID, VOUCHERNO, EDATE, CLASSSECTIONID) 
VALUES ('11', '11', '11', TO_DATE('04-jun-20', 'DD-MON-RR'), '5');

INSERT INTO "SCOTT"."REGISTRATION" (REGISTRATIONID, STUDENTID, VOUCHERNO, EDATE, CLASSSECTIONID) 
VALUES ('12', '12', '12', TO_DATE('04-jun-20', 'DD-MON-RR'), '5');

INSERT INTO "SCOTT"."REGISTRATION" (REGISTRATIONID, STUDENTID, VOUCHERNO, EDATE, CLASSSECTIONID) 
VALUES ('13', '13', '13', TO_DATE('04-jun-20', 'DD-MON-RR'), '5');

INSERT INTO "SCOTT"."REGISTRATION" (REGISTRATIONID, STUDENTID, VOUCHERNO, EDATE, CLASSSECTIONID) 
VALUES ('14', '14', '14', TO_DATE('04-jun-20', 'DD-MON-RR'), '3');

INSERT INTO "SCOTT"."REGISTRATION" (REGISTRATIONID, STUDENTID, VOUCHERNO, EDATE, CLASSSECTIONID) 
VALUES ('15', '15', '15', TO_DATE('04-jun-20', 'DD-MON-RR'), '3');

INSERT INTO "SCOTT"."REGISTRATION" (REGISTRATIONID, STUDENTID, VOUCHERNO, EDATE, CLASSSECTIONID) 
VALUES ('16', '16', '16', TO_DATE('04-jun-20', 'DD-MON-RR'), '3');

INSERT INTO "SCOTT"."REGISTRATION" (REGISTRATIONID, STUDENTID, VOUCHERNO, EDATE, CLASSSECTIONID) 
VALUES ('17', '17', '17', TO_DATE('04-jun-20', 'DD-MON-RR'), '2');

INSERT INTO "SCOTT"."REGISTRATION" (REGISTRATIONID, STUDENTID, VOUCHERNO, EDATE, CLASSSECTIONID) 
VALUES ('18', '18', '18', TO_DATE('04-jun-20', 'DD-MON-RR'), '1');

INSERT INTO "SCOTT"."REGISTRATION" (REGISTRATIONID, STUDENTID, VOUCHERNO, EDATE, CLASSSECTIONID) 
VALUES ('19', '19', '19', TO_DATE('04-jun-20', 'DD-MON-RR'), '2');

INSERT INTO "SCOTT"."REGISTRATION" (REGISTRATIONID, STUDENTID, VOUCHERNO, EDATE, CLASSSECTIONID) 
VALUES ('20', '20', '20', TO_DATE('04-jun-20', 'DD-MON-RR'), '3');


#sectionchnage
INSERT INTO "SCOTT"."SECTIONCHANGE" (SECTIONCHANGEID, STUDENTID, EDATE, REASON, NEWSECTION, OLDSECTION) 
VALUES ('1', '8', TO_DATE('3-JUN-20', 'DD-MON-RR'), 'strong', '4', '5');


INSERT INTO "SCOTT"."SECTIONCHANGE" (SECTIONCHANGEID, STUDENTID, EDATE, REASON, NEWSECTION, OLDSECTION) 
VALUES ('2', '8', TO_DATE('2-JUN-20', 'DD-MON-RR'), 'strong', '5', '4');


INSERT INTO "SCOTT"."SECTIONCHANGE" (SECTIONCHANGEID, STUDENTID, EDATE, REASON, NEWSECTION, OLDSECTION) 
VALUES ('3', '10', TO_DATE('3-JUN-20', 'DD-MON-RR'), 'To balance classes', '5', '4');


INSERT INTO "SCOTT"."SECTIONCHANGE" (SECTIONCHANGEID, STUDENTID, EDATE, REASON, NEWSECTION, OLDSECTION) 
VALUES ('4', '13', TO_DATE('3-JUN-20', 'DD-MON-RR'), 'To balance classes', '5', '4');




